,x_feature,y_feature,penalty,alpha,accuracy_train,accuracy_val
0,mean fractal dimension,mean concavity,l1,0.001,0.91,0.9112426035502958
1,mean fractal dimension,mean concavity,l2,0.001,0.9175,0.8994082840236687
2,mean fractal dimension,mean concavity,l1,0.01,0.915,0.9112426035502958
3,mean fractal dimension,mean concavity,l2,0.01,0.89,0.8816568047337278
4,mean fractal dimension,mean concavity,l1,0.1,0.9175,0.8994082840236687
5,mean fractal dimension,mean concavity,l2,0.1,0.865,0.8698224852071006
