,x_feature,y_feature,penalty,alpha,max_iter,accuracy_train,accuracy_val
0,mean radius,mean texture,,0.001,10000.0,0.8225,0.7869822485207101
1,mean radius,mean texture,l1,0.001,10000.0,0.86,0.7988165680473372
2,mean radius,mean texture,l2,0.001,10000.0,0.875,0.8461538461538461
3,mean radius,mean texture,elasticnet,0.001,10000.0,0.875,0.8461538461538461
4,mean radius,mean texture,,0.01,10000.0,0.8225,0.7869822485207101
5,mean radius,mean texture,l1,0.01,10000.0,0.81,0.7751479289940828
6,mean radius,mean texture,l2,0.01,10000.0,0.7925,0.7692307692307693
7,mean radius,mean texture,elasticnet,0.01,10000.0,0.7925,0.7692307692307693
8,mean radius,mean texture,,0.1,10000.0,0.8225,0.7869822485207101
9,mean radius,mean texture,l1,0.1,10000.0,0.67,0.5976331360946746
10,mean radius,mean texture,l2,0.1,10000.0,0.6475,0.5857988165680473
11,mean radius,mean texture,elasticnet,0.1,10000.0,0.6475,0.5857988165680473
12,mean radius,mean texture,,0.001,100000.0,0.8875,0.8934911242603549
13,mean radius,mean texture,l1,0.001,100000.0,0.8875,0.8994082840236687
14,mean radius,mean texture,l2,0.001,100000.0,0.8325,0.7988165680473372
15,mean radius,mean texture,elasticnet,0.001,100000.0,0.8325,0.7988165680473372
16,mean fractal dimension,mean concavity,,0.001,10000.0,0.86,0.863905325443787
17,mean fractal dimension,mean concavity,l1,0.001,10000.0,0.885,0.8698224852071006
18,mean fractal dimension,mean concavity,l2,0.001,10000.0,0.4175,0.42011834319526625
19,mean fractal dimension,mean concavity,,0.01,10000.0,0.86,0.863905325443787
20,mean fractal dimension,mean concavity,l1,0.01,10000.0,0.38,0.35502958579881655
21,mean fractal dimension,mean concavity,l2,0.01,10000.0,0.38,0.35502958579881655
22,mean fractal dimension,mean concavity,,0.1,10000.0,0.86,0.863905325443787
