Variable;Modelo;MSE_Train;MSE_Val;Lambda
AGE;Regresion Lineal;71.48566;76.07284;NaN
AGE;Regresion Polinomial G2;70.065296;76.415952;NaN
AGE;Regresion Polinomial G3;69.291855;79.906668;NaN
AGE;Regresion Polinomial G4;68.538719;82.602624;NaN
AGE;Regresion Polinomial G5;68.538654;82.590554;NaN
LSTAT;Regresion Lineal;36.541473;45.897941;NaN
LSTAT;Regresion Polinomial G2;28.470187;37.451016;NaN
LSTAT;Regresion Polinomial G3;26.61676;38.00203;NaN
LSTAT;Regresion Polinomial G4;25.547906;35.509556;NaN
LSTAT;Regresion Polinomial G5;24.851675;35.271972;NaN
LSTAT;Regresion Polinomial G7;24.810891;34.807168;NaN
LSTAT;Regresion Polinomial G9;24.603754;34.396664;NaN
AGE;Regresion Lineal con Ridge;71.48566;76.07284;0.01
AGE;Regresion Lineal con Ridge;71.48566;76.072838;0.1
AGE;Regresion Lineal con Ridge;71.485661;76.072676;10
AGE;Regresion Lineal con Ridge;71.485661;76.07202;50
AGE;Regresion Lineal con Ridge;71.485662;76.071201;100
AGE;Regresion Polinomial G2 con Ridge;70.065297;76.415348;10
AGE;Regresion Polinomial G2 con Ridge;70.065301;76.41295;50
AGE;Regresion Polinomial G2 con Ridge;70.065317;76.409987;100
AGE;Regresion Polinomial G3 con Ridge;69.291879;79.886023;10
AGE;Regresion Polinomial G3 con Ridge;69.293906;79.715413;100
LSTAT;Regresion Lineal con Ridge;36.541473;45.897901;0.1
LSTAT;Regresion Lineal con Ridge;36.542604;45.859699;100
LSTAT;Regresion Polinomial G2 con Ridge;28.470187;37.450988;0.01
LSTAT;Regresion Polinomial G2 con Ridge;28.471122;37.424048;10
LSTAT;Regresion Polinomial G2 con Ridge;28.553398;37.289224;100
LSTAT;Regresion Polinomial G2 con Ridge;31.873006;39.99295;1000
LSTAT;Regresion Polinomial G3 con Ridge;26.616981;37.963419;1
LSTAT;Regresion Polinomial G3 con Ridge;26.637013;37.659399;10
LSTAT;Regresion Polinomial G3 con Ridge;27.598406;36.851067;100
