,x_feature,y_feature,n_neighbors,metric,accuracy_train,accuracy_val
0,mean fractal dimension,mean concavity,1.0,euclidean,1.0,0.834319526627219
1,mean fractal dimension,mean concavity,3.0,euclidean,0.9225,0.8757396449704142
2,mean fractal dimension,mean concavity,5.0,euclidean,0.915,0.8875739644970414
3,mean fractal dimension,mean concavity,7.0,euclidean,0.915,0.8698224852071006
4,mean fractal dimension,mean concavity,13.0,euclidean,0.91,0.8698224852071006
5,mean fractal dimension,mean concavity,21.0,euclidean,0.9075,0.863905325443787
6,mean fractal dimension,mean concavity,3.0,cosine,0.925,0.893491124260355
7,mean fractal dimension,mean concavity,3.0,cosine,0.925,0.893491124260355
8,mean fractal dimension,mean concavity,7.0,cosine,0.91,0.8875739644970414
9,mean fractal dimension,mean concavity,9.0,cosine,0.9125,0.8875739644970414
10,mean fractal dimension,mean concavity,13.0,cosine,0.9075,0.8757396449704142
11,mean fractal dimension,mean concavity,3.0,chebyshev,0.9225,0.8757396449704142
12,mean fractal dimension,mean concavity,7.0,chebyshev,0.91,0.8875739644970414
13,mean fractal dimension,mean concavity,13.0,chebyshev,0.9025,0.8698224852071006
